413153149,SYK-TRCR05,082015V13210,08-26-2015,2017-08
413153149,SYK-TRCR05,082015V13210,08-26-2015,2017-08
413153149
413153149
413153149,SYK-TRCR05,082015V13210,08-26-2015,2017-08
20160906 17:03:57,413153149,SYK-TRCR05,082015V13210,08-26-2015,2017-08
20160906 17:03:58,413153149,SYK-TRCR05,082015V13210,08-26-2015,2017-08
20160906 17:05:36,413153149,SYK-TRCR05,082015V13210,08-26-2015,2017-08
20160906 17:05:39,413153149
20160906 17:05:40,413153149,SYK-TRCR05,082015V13210,08-26-2015,2017-08
20160906 17:05:41,8801775570031
20160906 17:05:42,8801775570031
20160906 17:05:43,8801775570031
20160906 17:07:17,413153149,SYK-TRCR05,082015V13210,08-26-2015,2017-08
20160906 17:07:18,413153149,SYK-TRCR05,082015V13210,08-26-2015,2017-08
20160906 17:07:20,413153149
20160906 17:07:21,413153149
20160906 17:07:23,413153149
20160906 17:07:25,413153149,SYK-TRCR05,082015V13210,08-26-2015,2017-08
20160906 17:07:27,413153149,SYK-TRCR05,082015V13210,08-26-2015,2017-08
20160906 17:07:48,413153149,SYK-TRCR05,082015V13210,08-26-2015,2017-08
20160906 17:07:50,413153149
20160906 17:07:52,413153149,SYK-TRCR05,082015V13210,08-26-2015,2017-08
20160906 17:07:54,413153149,SYK-TRCR05,082015V13210,08-26-2015,2017-08
20160906 17:07:56,413153149
20160906 17:07:57,8801775570031
20160906 17:08:07,8801166411127
20160906 17:08:09,8801166411127
20160906 17:08:10,8801166411127
20160906 17:08:12,8801775570031
20160906 17:08:21,1PCBA-U01-S07PARC
20160906 17:08:23,1PCBA-U01-S07PARC
20160906 17:08:26,Q1
20160906 17:08:28,Q1
20160906 17:08:30,D15OCT15
20160906 17:08:34,MN000328A02
20160906 17:08:41,MN000328A02
20160906 17:08:46,D15OCT15
20160906 17:08:47,CN
20160906 17:08:51,1PCBA-U01-S07PARC
20160906 17:08:57,Q1
20160906 17:08:59,Q1
20160906 17:09:01,Q1
20160906 17:09:03,1PCBA-U01-S07PARC
20160906 17:09:05,1PCBA-U01-S07PARC
20160906 17:09:12,1PCBA-U01-S07PARC
20160906 17:09:13,1PCBA-U01-S07PARC
20160906 17:09:15,Q1
20160906 17:09:17,D15OCT15
20160906 17:11:17,413153149,SYK-TRCR05,082015V13210,08-26-2015,2017-08
20160906 17:11:26,413153149,SYK-TRCR05,082015V13210,08-26-2015,2017-08
20160906 17:11:29,413153149,SYK-TRCR05,082015V13210,08-26-2015,2017-08
20160906 17:11:31,413153149
20160906 17:11:33,413153149,SYK-TRCR05,082015V13210,08-26-2015,2017-08
20160906 17:11:34,413153149,SYK-TRCR05,082015V13210,08-26-2015,2017-08
20160906 17:11:35,413153149
20160906 17:11:37,CN
20160906 17:11:38,CN
20160906 17:11:40,2PC
20160906 17:11:45,2PC
20160906 17:11:48,CN
20160906 17:11:51,D15OCT15
20160906 17:11:53,Q1
20160906 17:11:54,1PCBA-U01-S07PARC
20160906 17:12:03,MN000328A02
20160906 17:12:05,MN000328A02
20160906 17:12:26,MN000328A02
20160906 17:12:30,MN000328A02
20160906 17:12:31,MN000328A02
20160906 17:12:35,1PCBA-U01-S07PARC
20160906 17:12:39,2PC
20160906 17:12:42,Q1
20160906 17:12:43,D15OCT15
20160906 17:12:45,CN
20160906 17:12:46,2PC
20160906 17:12:48,Q1
20160906 17:12:50,1PCBA-U01-S07PARC
20160906 17:12:54,Q1
20160906 17:12:56,2PC
20160906 17:12:58,CN
20160906 17:13:01,D15OCT15
20160906 17:13:03,Q1
20160906 17:13:05,2PC
20160906 17:13:07,1PCBA-U01-S07PARC
20160906 17:13:08,Q1
20160906 17:13:12,D15OCT15
20160906 17:13:15,CN
20160906 17:13:17,CN
20160906 17:13:19,2PC
20160906 17:13:25,1PCBA-U01-S07PARC
20160906 17:13:32,MN000328A02
20160906 17:13:36,MN000328A02
20160906 17:13:37,MN000328A02
20160906 17:13:41,1PCBA-U01-S07PARC
20160906 17:13:46,8801775570031
20160906 17:13:47,8801775570031
